Index,UUID,Full URL
1,c8a21795-f187-4b8c-8c54-270ff8b1f010,https://growthmeetscapital.com/timetables/c8a21795-f187-4b8c-8c54-270ff8b1f010
2,4f88319d-aae2-4548-a390-d4fc39b5a528,https://growthmeetscapital.com/timetables/4f88319d-aae2-4548-a390-d4fc39b5a528
3,7d28cf1b-2b9b-4fcd-92de-304815c9c581,https://growthmeetscapital.com/timetables/7d28cf1b-2b9b-4fcd-92de-304815c9c581
4,7a42037a-1ac4-484b-8aeb-c0bd4a42f40e,https://growthmeetscapital.com/timetables/7a42037a-1ac4-484b-8aeb-c0bd4a42f40e
5,ab536ef4-7b92-48a8-a66f-d790a1f9ed5d,https://growthmeetscapital.com/timetables/ab536ef4-7b92-48a8-a66f-d790a1f9ed5d
6,f8191591-0e3a-458c-919d-a02746cee3a1,https://growthmeetscapital.com/timetables/f8191591-0e3a-458c-919d-a02746cee3a1
7,c9103b81-3e83-4654-bb5e-b30bc4d780c5,https://growthmeetscapital.com/timetables/c9103b81-3e83-4654-bb5e-b30bc4d780c5
8,cd2bd75c-fc09-45e3-8eb2-3dec28da1cae,https://growthmeetscapital.com/timetables/cd2bd75c-fc09-45e3-8eb2-3dec28da1cae
9,e63803af-aa4a-473e-b92b-b8d335129ad5,https://growthmeetscapital.com/timetables/e63803af-aa4a-473e-b92b-b8d335129ad5
10,3facf5b2-8e5a-42b5-a410-0834483f30a1,https://growthmeetscapital.com/timetables/3facf5b2-8e5a-42b5-a410-0834483f30a1
11,53850597-82fd-4ccc-af18-7da442ec24e7,https://growthmeetscapital.com/timetables/53850597-82fd-4ccc-af18-7da442ec24e7
12,50a0e227-ecf5-4ed6-9ea7-28f9d0af54c1,https://growthmeetscapital.com/timetables/50a0e227-ecf5-4ed6-9ea7-28f9d0af54c1
13,6b8228ad-1f3b-4875-8729-2ebc67dbf8ac,https://growthmeetscapital.com/timetables/6b8228ad-1f3b-4875-8729-2ebc67dbf8ac
14,22cc8861-a46b-4559-ac48-5b406795aa09,https://growthmeetscapital.com/timetables/22cc8861-a46b-4559-ac48-5b406795aa09
15,86254445-732e-4856-a96d-2b94fadc4587,https://growthmeetscapital.com/timetables/86254445-732e-4856-a96d-2b94fadc4587
16,b849e907-5402-4f2e-88cc-0a67c1499d7d,https://growthmeetscapital.com/timetables/b849e907-5402-4f2e-88cc-0a67c1499d7d
17,eac90496-17cc-43a9-96e2-0be46aa9618c,https://growthmeetscapital.com/timetables/eac90496-17cc-43a9-96e2-0be46aa9618c
18,45552d9d-88e6-4636-ab6f-2236e6660839,https://growthmeetscapital.com/timetables/45552d9d-88e6-4636-ab6f-2236e6660839
19,3935080f-e869-4309-8a4b-64f015d7e496,https://growthmeetscapital.com/timetables/3935080f-e869-4309-8a4b-64f015d7e496
20,291b1b19-47e1-459b-85e4-b09e401469c1,https://growthmeetscapital.com/timetables/291b1b19-47e1-459b-85e4-b09e401469c1
21,9431a950-fd84-4cbc-9278-ba1fc49ad5b8,https://growthmeetscapital.com/timetables/9431a950-fd84-4cbc-9278-ba1fc49ad5b8
22,d79c64fd-233d-4cae-8975-327a50e4357b,https://growthmeetscapital.com/timetables/d79c64fd-233d-4cae-8975-327a50e4357b
23,2c607253-1897-41f0-ad5e-755e7241f027,https://growthmeetscapital.com/timetables/2c607253-1897-41f0-ad5e-755e7241f027
24,38cbc49b-8195-4cb6-b683-5aae2a6940a7,https://growthmeetscapital.com/timetables/38cbc49b-8195-4cb6-b683-5aae2a6940a7
25,cdb0f812-5125-4a93-a483-087154427ed7,https://growthmeetscapital.com/timetables/cdb0f812-5125-4a93-a483-087154427ed7
26,e883de2b-3172-4407-a723-e33e10741d91,https://growthmeetscapital.com/timetables/e883de2b-3172-4407-a723-e33e10741d91
27,dafa82f6-0a98-4c17-a422-07c686a33327,https://growthmeetscapital.com/timetables/dafa82f6-0a98-4c17-a422-07c686a33327
28,05e4d4a6-7873-4d01-8382-63428143a6bb,https://growthmeetscapital.com/timetables/05e4d4a6-7873-4d01-8382-63428143a6bb
29,fbba5e25-5279-4a98-a159-ada63568ad4e,https://growthmeetscapital.com/timetables/fbba5e25-5279-4a98-a159-ada63568ad4e
30,6a839939-b52e-4e34-8898-dc0adb9de604,https://growthmeetscapital.com/timetables/6a839939-b52e-4e34-8898-dc0adb9de604
31,3d2cad49-d783-4949-b1dd-ac569b0ca810,https://growthmeetscapital.com/timetables/3d2cad49-d783-4949-b1dd-ac569b0ca810
32,47a87dca-de69-4408-b675-d0e73f3961b3,https://growthmeetscapital.com/timetables/47a87dca-de69-4408-b675-d0e73f3961b3
33,523470be-4ec5-4ca0-bbed-0c1edef0c5f0,https://growthmeetscapital.com/timetables/523470be-4ec5-4ca0-bbed-0c1edef0c5f0
34,8579b935-053b-40b7-a889-4e8861555fff,https://growthmeetscapital.com/timetables/8579b935-053b-40b7-a889-4e8861555fff
35,94265d5e-b75b-40cd-aed6-a99f27810cb4,https://growthmeetscapital.com/timetables/94265d5e-b75b-40cd-aed6-a99f27810cb4
36,1136237f-60ec-4711-a2f9-e29569af2b86,https://growthmeetscapital.com/timetables/1136237f-60ec-4711-a2f9-e29569af2b86
37,dc8182d0-a381-431f-9712-cea6bc3192ae,https://growthmeetscapital.com/timetables/dc8182d0-a381-431f-9712-cea6bc3192ae
38,05c9ddfb-4e17-42ae-9bc7-ce4d871eb808,https://growthmeetscapital.com/timetables/05c9ddfb-4e17-42ae-9bc7-ce4d871eb808
39,0ff28dbe-8ec6-4058-8e74-7622a06090f4,https://growthmeetscapital.com/timetables/0ff28dbe-8ec6-4058-8e74-7622a06090f4
40,c851b82f-c3a8-40b8-8e36-213990c319ad,https://growthmeetscapital.com/timetables/c851b82f-c3a8-40b8-8e36-213990c319ad
41,8d4b03bf-6d3a-4647-83a5-812cbed4af29,https://growthmeetscapital.com/timetables/8d4b03bf-6d3a-4647-83a5-812cbed4af29
42,6140259a-60fa-4173-8f44-9437a5a35aeb,https://growthmeetscapital.com/timetables/6140259a-60fa-4173-8f44-9437a5a35aeb
43,212fb689-97cf-428a-a52d-8f3001bbd88e,https://growthmeetscapital.com/timetables/212fb689-97cf-428a-a52d-8f3001bbd88e
44,0d032cbe-3e14-4ffe-9c60-18bad25fad9a,https://growthmeetscapital.com/timetables/0d032cbe-3e14-4ffe-9c60-18bad25fad9a
45,3907a59f-2425-4cec-8119-f031455f3ca6,https://growthmeetscapital.com/timetables/3907a59f-2425-4cec-8119-f031455f3ca6
46,20192a23-cfdd-4ade-81bd-22c37340d02b,https://growthmeetscapital.com/timetables/20192a23-cfdd-4ade-81bd-22c37340d02b
47,3cf89be6-ab18-45b8-84fe-1cb69643012e,https://growthmeetscapital.com/timetables/3cf89be6-ab18-45b8-84fe-1cb69643012e
48,36d3aafe-7efe-4b98-9a54-76f183fe9cb0,https://growthmeetscapital.com/timetables/36d3aafe-7efe-4b98-9a54-76f183fe9cb0
49,1bbcf80c-e757-482b-a8e3-b5fb7187697c,https://growthmeetscapital.com/timetables/1bbcf80c-e757-482b-a8e3-b5fb7187697c
50,6605be34-e9a6-49d7-8d21-b62af4f74995,https://growthmeetscapital.com/timetables/6605be34-e9a6-49d7-8d21-b62af4f74995
51,c1799e6e-3df5-4d6a-89a3-44db0ee6067f,https://growthmeetscapital.com/timetables/c1799e6e-3df5-4d6a-89a3-44db0ee6067f
52,05f52382-866d-4f22-a45f-c82672a5c03f,https://growthmeetscapital.com/timetables/05f52382-866d-4f22-a45f-c82672a5c03f
53,94b3493b-84cb-4ec1-839d-2ef0f8c0ef9f,https://growthmeetscapital.com/timetables/94b3493b-84cb-4ec1-839d-2ef0f8c0ef9f
54,8e755f91-f50a-4846-aac5-6b805253ba52,https://growthmeetscapital.com/timetables/8e755f91-f50a-4846-aac5-6b805253ba52
55,3b80c619-2550-4623-b419-be4eab1d8ea6,https://growthmeetscapital.com/timetables/3b80c619-2550-4623-b419-be4eab1d8ea6
56,aeac0bdc-8ae2-4246-b5f7-b8b57253a103,https://growthmeetscapital.com/timetables/aeac0bdc-8ae2-4246-b5f7-b8b57253a103
57,e0bd8eca-fc3f-478e-a443-be488cf56e5a,https://growthmeetscapital.com/timetables/e0bd8eca-fc3f-478e-a443-be488cf56e5a
58,e4e46037-3a4b-4a30-84ea-ced7bf472125,https://growthmeetscapital.com/timetables/e4e46037-3a4b-4a30-84ea-ced7bf472125
59,6deb6dd1-f985-48b2-ab5b-b360c45866e0,https://growthmeetscapital.com/timetables/6deb6dd1-f985-48b2-ab5b-b360c45866e0
60,00a6e5e4-6470-4eda-8351-5b60bdd5ac65,https://growthmeetscapital.com/timetables/00a6e5e4-6470-4eda-8351-5b60bdd5ac65
61,e6d93b31-1dd2-4296-8cff-dbce42e020ae,https://growthmeetscapital.com/timetables/e6d93b31-1dd2-4296-8cff-dbce42e020ae
62,cd9d84c1-e7cd-4234-8f72-ee44a6513147,https://growthmeetscapital.com/timetables/cd9d84c1-e7cd-4234-8f72-ee44a6513147
63,f8aa8f18-c625-41b2-8fec-08f834a35fb0,https://growthmeetscapital.com/timetables/f8aa8f18-c625-41b2-8fec-08f834a35fb0
64,63c8a56f-2b79-4903-9e07-3b57a0d472dc,https://growthmeetscapital.com/timetables/63c8a56f-2b79-4903-9e07-3b57a0d472dc
65,c9dc8bb0-e1cf-4f91-8ac0-23c241f699c9,https://growthmeetscapital.com/timetables/c9dc8bb0-e1cf-4f91-8ac0-23c241f699c9
66,9c002b20-a68a-4da1-8f70-88c8b2685705,https://growthmeetscapital.com/timetables/9c002b20-a68a-4da1-8f70-88c8b2685705
67,cc1b7b94-adb3-4c6e-b6f5-73337cdf7f15,https://growthmeetscapital.com/timetables/cc1b7b94-adb3-4c6e-b6f5-73337cdf7f15
68,c93a4d5d-6e70-4c88-a2a7-703135b28bee,https://growthmeetscapital.com/timetables/c93a4d5d-6e70-4c88-a2a7-703135b28bee
69,8a3f4a77-eea6-4ef1-8f4f-cc448ed028f7,https://growthmeetscapital.com/timetables/8a3f4a77-eea6-4ef1-8f4f-cc448ed028f7
70,bf89fe2f-a2cd-410f-b963-a7ea7507d12d,https://growthmeetscapital.com/timetables/bf89fe2f-a2cd-410f-b963-a7ea7507d12d
71,7fe84a2e-6993-4e89-ac01-57f74acf1395,https://growthmeetscapital.com/timetables/7fe84a2e-6993-4e89-ac01-57f74acf1395
72,cf4624b5-3994-4239-82bc-878c24deae6f,https://growthmeetscapital.com/timetables/cf4624b5-3994-4239-82bc-878c24deae6f
73,5d622e29-cbe4-4772-9967-869c019b5595,https://growthmeetscapital.com/timetables/5d622e29-cbe4-4772-9967-869c019b5595
74,c040332e-2924-465b-9bd3-48af3c1e2b24,https://growthmeetscapital.com/timetables/c040332e-2924-465b-9bd3-48af3c1e2b24
75,afd9de52-2887-473b-8a93-dd284249ce19,https://growthmeetscapital.com/timetables/afd9de52-2887-473b-8a93-dd284249ce19
76,dcb626c9-5d99-4477-823b-b13ece333466,https://growthmeetscapital.com/timetables/dcb626c9-5d99-4477-823b-b13ece333466
77,19f8efc8-ebd9-4e71-bba1-4214a8315986,https://growthmeetscapital.com/timetables/19f8efc8-ebd9-4e71-bba1-4214a8315986
78,323d82bb-bf76-4604-b96b-5426ba2369b0,https://growthmeetscapital.com/timetables/323d82bb-bf76-4604-b96b-5426ba2369b0
79,954b77b0-4476-4dc7-a3e6-bc2f72b2ca03,https://growthmeetscapital.com/timetables/954b77b0-4476-4dc7-a3e6-bc2f72b2ca03
80,07084b2e-02b1-4526-8a38-bbfc4cb38d16,https://growthmeetscapital.com/timetables/07084b2e-02b1-4526-8a38-bbfc4cb38d16
81,30f49063-cb4e-401b-bd97-5fd8645750bf,https://growthmeetscapital.com/timetables/30f49063-cb4e-401b-bd97-5fd8645750bf
82,bc857635-46fd-4bd0-806d-41355ae15324,https://growthmeetscapital.com/timetables/bc857635-46fd-4bd0-806d-41355ae15324
83,4239a960-f287-4b19-a597-251b45db9180,https://growthmeetscapital.com/timetables/4239a960-f287-4b19-a597-251b45db9180
84,d6c5e761-17b9-43ff-93c7-b64dd217ccc9,https://growthmeetscapital.com/timetables/d6c5e761-17b9-43ff-93c7-b64dd217ccc9
85,d62597c0-aa89-4a91-8445-23eb0dda4a80,https://growthmeetscapital.com/timetables/d62597c0-aa89-4a91-8445-23eb0dda4a80
86,a47b842a-30ba-411a-b847-3f986c81625b,https://growthmeetscapital.com/timetables/a47b842a-30ba-411a-b847-3f986c81625b
87,c1f8f0e3-e464-48fd-bf65-457f6d7194b3,https://growthmeetscapital.com/timetables/c1f8f0e3-e464-48fd-bf65-457f6d7194b3
88,ee893679-b653-4f0e-828c-1a17156faa9b,https://growthmeetscapital.com/timetables/ee893679-b653-4f0e-828c-1a17156faa9b
89,fcfb0a4c-c9b1-4e25-b3eb-22d72ad36bfd,https://growthmeetscapital.com/timetables/fcfb0a4c-c9b1-4e25-b3eb-22d72ad36bfd
90,97cd1fa4-2e61-4cdd-89e5-3d039d9eb059,https://growthmeetscapital.com/timetables/97cd1fa4-2e61-4cdd-89e5-3d039d9eb059
91,3b945e4a-abbe-4224-b162-5764cd7fd7f3,https://growthmeetscapital.com/timetables/3b945e4a-abbe-4224-b162-5764cd7fd7f3
92,a7703917-0233-4298-befa-f842adefcd00,https://growthmeetscapital.com/timetables/a7703917-0233-4298-befa-f842adefcd00
93,54558d94-e0d0-4191-b4da-82edbea7b6c1,https://growthmeetscapital.com/timetables/54558d94-e0d0-4191-b4da-82edbea7b6c1
94,2eebbda8-0790-4008-a69c-87ef4183aea9,https://growthmeetscapital.com/timetables/2eebbda8-0790-4008-a69c-87ef4183aea9
95,167afd20-2b43-4559-9cc3-0c7620c0e2d8,https://growthmeetscapital.com/timetables/167afd20-2b43-4559-9cc3-0c7620c0e2d8
96,0c2d6098-33d0-4e5a-a9f0-0744ab049aab,https://growthmeetscapital.com/timetables/0c2d6098-33d0-4e5a-a9f0-0744ab049aab
97,07b33921-86b8-4b6e-9e55-6d30ad4abdf9,https://growthmeetscapital.com/timetables/07b33921-86b8-4b6e-9e55-6d30ad4abdf9
98,6c68f8d9-e092-4d21-bf6c-236c1f5e246f,https://growthmeetscapital.com/timetables/6c68f8d9-e092-4d21-bf6c-236c1f5e246f
99,7af65329-2421-498d-9d43-315dde3c35bd,https://growthmeetscapital.com/timetables/7af65329-2421-498d-9d43-315dde3c35bd
100,3e6dd47c-2ad5-4c1c-a360-d905f9102e4d,https://growthmeetscapital.com/timetables/3e6dd47c-2ad5-4c1c-a360-d905f9102e4d
101,21517ced-bda9-4cbf-b5d1-da86befe9b28,https://growthmeetscapital.com/timetables/21517ced-bda9-4cbf-b5d1-da86befe9b28
102,f97d64e4-bca0-41bd-956c-121fd7678c4a,https://growthmeetscapital.com/timetables/f97d64e4-bca0-41bd-956c-121fd7678c4a
103,342ecce8-c6f9-43ad-a14a-257d9f56c19a,https://growthmeetscapital.com/timetables/342ecce8-c6f9-43ad-a14a-257d9f56c19a
104,695b9ff9-47bf-4d60-a5c8-55b3db60dc50,https://growthmeetscapital.com/timetables/695b9ff9-47bf-4d60-a5c8-55b3db60dc50
105,b78e5796-a31c-472e-9046-6f4db7d8927b,https://growthmeetscapital.com/timetables/b78e5796-a31c-472e-9046-6f4db7d8927b
106,87383d9a-2b7c-4e05-8645-84187d58e0ec,https://growthmeetscapital.com/timetables/87383d9a-2b7c-4e05-8645-84187d58e0ec
